order_id,brand_id
1,2
2,3
3,3
3,2
4,3
5,1
5,2
5,3
6,3
6,2
7,3
7,1
8,3
9,3
10,1
11,3
12,2
12,1
13,1
14,1
15,1
16,3
17,3
18,3
19,3
20,2
20,3
20,1
21,3
22,3
23,3
24,2
25,3
26,2
27,3
27,1
28,3
29,2
29,1
29,3
30,3
31,3
32,3
33,2
33,1
33,3
34,3
34,2
35,1
36,3
37,3
38,2
39,3
40,3
41,2
41,3
42,1
43,3
44,3
44,2
45,2
46,3
47,3
48,1
49,1
49,2
50,2
51,2
51,1
52,2
52,3
53,3
53,2
53,1
54,1
54,3
55,1
56,1
57,2
58,2
58,3
59,3
59,1
60,3
61,1
62,1
62,2
63,2
64,3
65,1
65,2
66,1
67,2
67,3
68,3
68,1
69,3
70,3
71,3
72,3
72,1
72,2
73,3
74,2
75,1
75,2
76,1
77,2
78,3
78,2
79,2
80,3
81,2
81,3
81,1
82,2
83,3
84,2
85,3
86,1
87,2
88,3
88,1
89,3
89,1
89,2
90,2
91,3
91,1
92,2
92,3
92,1
93,3
94,1
95,2
96,1
97,2
98,2
98,1
99,3
99,1
100,1
101,1
102,2
102,1
103,1
104,2
105,2
106,3
107,3
108,3
109,1
110,3
111,3
112,3
112,2
113,1
114,3
115,2
115,3
116,3
117,3
118,1
119,3
119,1
120,3
121,3
121,2
121,1
122,3
122,2
122,1
123,3
124,3
124,1
125,2
126,1
127,3
128,1
129,3
130,2
131,2
132,2
133,2
133,1
134,3
135,1
136,2
136,3
136,1
137,1
138,3
139,1
139,3
140,3
141,1
141,2
141,3
142,3
142,2
142,1
143,3
144,2
145,3
146,1
146,3
147,3
148,3
149,1
149,3
149,2
150,3
151,3
152,2
153,1
154,3
154,1
155,3
156,3
157,2
158,3
159,3
160,1
160,2
161,2
161,1
162,2
162,1
162,3
163,3
164,2
165,3
166,3
166,2
167,1
168,3
168,1
169,1
170,2
171,2
172,1
173,1
174,2
175,2
176,3
177,3
178,1
178,3
179,3
179,2
180,1
181,1
182,3
183,1
183,2
183,3
184,3
184,1
185,3
186,3
187,3
188,3
189,2
189,3
189,1
190,3
191,1
192,3
192,1
192,2
193,2
193,1
194,3
195,3
196,1
196,3
196,2
197,3
198,2
199,3
200,1
201,1
202,1
202,3
202,2
203,2
204,3
205,1
205,3
206,3
207,3
208,2
209,3
210,1
210,3
211,2
211,3
212,3
212,1
213,1
213,2
214,3
215,1
215,3
216,1
217,1
218,1
219,3
220,3
221,2
222,2
222,1
222,3
223,3
224,1
224,2
225,1
226,2
227,2
228,1
228,2
228,3
229,1
230,2
231,2
232,3
233,3
234,3
235,3
236,1
236,2
236,3
237,3
238,2
239,2
240,2
241,3
242,1
243,1
244,3
244,2
245,3
246,2
247,2
248,2
248,3
249,3
250,2
251,3
251,2
252,1
253,3
254,3
255,3
256,1
257,3
258,1
258,2
258,3
259,1
259,3
260,2
261,2
262,3
263,3
264,3
265,3
266,3
267,2
267,3
268,1
268,2
269,1
269,3
270,2
270,1
270,3
271,1
271,2
272,2
273,3
274,1
274,2
275,1
276,2
277,3
278,3
279,3
280,3
280,1
281,2
282,1
282,3
282,2
283,3
284,3
285,1
286,3
287,1
288,1
288,3
289,2
290,3
290,1
291,3
292,2
293,2
293,3
294,3
294,1
295,2
295,3
295,1
296,2
297,3
298,1
299,3
300,2
300,3
300,1
301,3
302,3
302,1
303,3
304,3
305,2
306,3
307,3
308,3
309,3
310,2
311,3
312,3
313,3
314,2
314,3
315,2
316,3
317,1
317,3
317,2
318,2
318,3
319,3
319,1
320,2
321,3
322,1
323,3
324,1
325,2
326,1
326,3
327,2
328,3
329,1
330,3
331,3
332,2
332,3
333,3
334,2
335,1
336,3
337,1
337,2
338,1
339,1
340,1
340,3
341,2
342,2
342,3
343,2
344,1
345,2
346,1
347,1
348,2
349,1
349,3
350,2
351,3
352,3
353,3
354,1
355,3
356,2
357,3
358,3
359,3
360,1
361,2
362,3
363,3
364,2
365,3
365,2
366,3
367,2
368,1
369,3
370,1
371,3
372,2
373,3
373,2
374,1
374,3
374,2
375,3
375,2
375,1
376,3
377,3
378,3
378,2
379,1
379,3
379,2
380,2
381,2
381,1
381,3
382,2
383,1
384,1
385,1
385,2
385,3
386,1
387,2
388,1
388,3
389,1
390,2
391,1
392,3
392,2
393,1
393,3
394,3
395,3
395,2
396,3
397,3
398,2
398,1
399,1
400,2
400,1
400,3
401,1
402,3
402,1
402,2
403,1
403,3
404,2
404,1
404,3
405,2
406,1
406,2
406,3
407,2
408,2
408,1
408,3
409,3
410,1
411,1
412,1
413,1
413,2
413,3
414,1
414,2
415,3
416,2
417,1
417,3
417,2
418,3
419,3
420,3
421,3
422,2
422,1
423,2
424,3
425,1
426,3
427,1
427,3
428,2
429,2
430,3
431,2
432,3
433,3
434,1
434,3
435,3
436,3
437,2
437,3
438,2
439,3
440,2
441,2
442,1
442,3
442,2
443,2
444,3
444,1
445,2
445,3
445,1
446,3
447,3
447,1
448,3
448,2
449,1
449,3
450,1
450,3
451,3
452,3
453,1
454,3
454,1
455,3
455,2
456,3
457,3
458,2
458,3
459,3
459,2
460,3
460,2
461,1
461,2
461,3
462,3
462,1
463,1
463,3
464,3
465,3
465,1
466,2
467,3
468,2
469,2
469,3
470,1
471,3
472,1
473,1
474,3
475,3
476,3
476,2
477,1
477,3
478,3
479,3
480,3
481,3
481,1
482,1
482,3
483,1
484,2
485,3
486,1
487,1
487,2
487,3
488,2
488,3
488,1
489,2
490,3
490,2
491,3
492,2
493,2
494,1
494,3
495,1
495,3
496,1
496,2
497,2
498,2
498,3
498,1
499,1
500,2
501,1
502,2
503,3
504,1
504,3
505,3
506,2
507,3
507,1
507,2
508,3
509,3
510,2
510,1
511,1
511,3
512,2
512,3
513,1
513,2
513,3
514,2
515,1
516,2
516,1
517,3
517,2
518,1
519,2
519,1
520,3
521,3
521,1
521,2
522,3
523,3
524,3
524,2
524,1
525,3
526,3
527,3
528,3
528,1
529,3
530,1
531,1
532,2
532,3
533,2
534,1
534,2
535,3
536,1
537,3
538,1
539,1
539,2
540,2
541,2
542,1
543,2
544,1
544,3
545,3
546,3
547,3
548,1
549,3
549,2
550,1
551,2
552,1
552,3
553,1
553,3
553,2
554,3
555,2
556,1
556,2
556,3
557,3
557,2
558,3
559,2
560,2
561,2
562,2
563,1
564,1
565,2
566,1
567,3
568,3
569,2
570,2
571,3
572,1
573,1
574,3
575,2
576,2
577,3
578,3
579,2
579,1
580,3
581,3
582,1
583,1
584,2
585,3
586,3
587,3
587,2
587,1
588,2
589,3
590,3
591,2
592,2
593,1
594,3
594,2
594,1
595,3
596,3
597,1
597,3
598,2
599,3
599,1
600,2
600,1
600,3
601,1
602,2
602,1
602,3
603,3
603,2
603,1
604,1
605,1
606,2
607,2
608,3
608,2
609,3
610,1
610,2
611,1
611,2
612,3
613,3
613,1
613,2
614,1
615,2
615,3
616,3
617,3
618,2
619,2
620,3
621,3
622,2
623,1
624,2
625,1
625,2
625,3
626,3
626,2
627,1
628,2
629,2
630,3
631,3
632,2
633,3
634,3
635,2
635,1
635,3
636,1
637,3
637,2
637,1
638,1
638,3
639,1
640,3
641,2
642,1
643,3
644,1
645,3
646,3
647,2
648,1
648,3
648,2
649,1
650,1
651,3
652,3
653,3
654,2
654,1
655,3
656,3
657,3
658,3
659,2
659,1
660,1
660,2
660,3
661,3
662,3
663,3
664,3
665,2
665,3
666,1
667,2
667,3
668,3
669,1
670,2
670,1
671,1
672,3
672,2
673,3
674,2
674,3
675,2
676,1
676,2
677,3
678,1
679,2
680,2
680,3
681,1
682,2
682,3
683,1
683,3
684,3
685,3
686,1
687,1
687,3
687,2
688,1
689,3
690,1
691,3
691,2
692,3
693,1
693,3
694,1
695,1
696,1
697,3
698,1
698,3
699,3
699,1
700,1
701,2
702,1
702,2
703,1
704,1
705,3
706,3
707,3
708,3
709,3
710,1
711,3
712,2
713,3
714,2
715,3
716,3
717,2
718,1
718,2
718,3
719,2
720,2
720,3
720,1
721,2
722,3
723,3
724,2
725,3
726,3
727,1
727,2
727,3
728,1
729,3
730,1
731,2
732,3
733,1
733,2
734,1
735,3
736,1
737,2
738,3
738,2
739,1
740,3
741,3
742,2
742,1
742,3
743,1
743,2
743,3
744,3
745,1
745,2
745,3
746,1
747,2
748,2
749,1
749,3
750,1
751,1
751,3
751,2
752,2
753,3
754,3
755,3
756,3
756,1
757,1
757,3
757,2
758,3
759,3
760,3
761,3
762,1
763,2
763,3
764,1
765,2
766,1
767,3
768,2
769,1
770,1
771,2
771,1
771,3
772,3
773,3
774,2
775,2
776,3
777,3
777,1
777,2
778,1
778,2
778,3
779,1
780,1
781,1
781,2
782,2
782,1
782,3
783,3
784,1
785,3
786,1
787,3
788,2
788,1
788,3
789,1
790,3
791,2
791,1
792,3
793,3
793,2
793,1
794,1
794,2
794,3
795,1
795,2
796,1
796,2
797,1
798,3
799,2
800,2
801,2
802,1
803,1
803,3
803,2
804,1
805,2
806,3
807,1
808,2
809,2
809,1
809,3
810,3
811,3
812,2
813,3
814,3
815,1
815,2
815,3
816,3
817,2
817,3
818,3
819,3
819,1
820,3
821,3
821,1
822,3
823,1
823,2
823,3
824,2
824,3
825,2
826,3
827,2
828,2
829,2
830,1
831,2
832,2
832,3
832,1
833,2
834,3
834,2
835,3
835,2
835,1
836,3
837,1
838,2
839,2
840,2
841,1
842,1
843,3
844,3
845,1
845,3
846,1
846,2
846,3
847,2
848,3
849,1
850,3
851,1
852,2
853,3
854,3
855,3
856,2
857,3
858,3
859,2
860,1
860,2
861,1
862,1
863,2
863,3
864,1
864,3
864,2
865,3
865,1
865,2
866,2
867,1
868,3
868,1
869,3
869,2
870,3
871,1
872,3
873,3
873,2
873,1
874,1
874,2
874,3
875,2
875,3
876,2
877,3
878,3
879,1
879,2
879,3
880,3
881,3
882,1
883,2
884,1
884,2
885,2
886,3
887,3
888,1
889,2
889,3
890,1
891,1
892,1
893,2
893,1
894,3
895,3
896,2
897,3
898,3
899,3
900,2
900,3
901,3
902,3
903,1
903,3
903,2
904,2
905,2
905,3
905,1
906,3
907,2
908,2
909,1
910,1
911,2
912,3
912,1
913,2
914,1
915,3
915,2
915,1
916,1
917,3
917,2
917,1
918,3
919,1
920,3
921,3
921,2
922,2
922,3
923,3
924,2
924,1
924,3
925,3
925,2
926,3
927,2
928,2
929,3
930,3
931,1
932,2
932,3
933,2
933,1
934,3
935,1
936,3
936,2
937,1
937,3
938,1
939,1
940,1
941,2
942,3
942,1
942,2
943,1
944,1
945,2
945,3
946,3
946,1
946,2
947,1
948,2
949,3
950,3
951,3
952,3
953,3
954,3
955,1
955,2
956,3
956,2
957,3
957,2
957,1
958,1
958,2
958,3
959,1
959,2
959,3
960,3
961,3
962,3
963,1
964,1
965,3
965,2
966,3
967,3
968,3
969,1
970,2
970,1
971,3
972,1
972,2
972,3
973,2
973,3
973,1
974,1
974,2
974,3
975,2
975,3
976,2
976,1
976,3
977,1
978,1
978,2
978,3
979,2
980,1
981,3
982,3
982,1
983,3
984,1
984,2
985,3
985,1
985,2
986,2
987,1
987,3
988,1
988,3
988,2
989,2
990,2
990,3
991,3
991,2
992,1
993,3
993,1
994,1
995,3
996,3
997,2
997,1
998,2
999,1
1000,3
1001,1
1002,3
1003,1
1004,3
1005,1
1005,2
1005,3
1006,3
1007,2
1008,1
1008,2
1009,2
1009,1
1010,2
1011,2
1012,2
1012,1
1013,3
1014,3
1014,2
1015,1
1016,1
1017,2
1018,3
1019,2
1020,1
1021,2
1021,1
1022,3
1023,2
1023,3
1024,1
1025,1
1026,1
1026,3
1027,3
1028,3
1029,3
1030,3
1031,1
1032,1
1033,3
1033,1
1034,3
1035,3
1035,2
1035,1
1036,2
1037,2
1037,3
1037,1
1038,3
1039,2
1040,3
1041,1
1041,2
1041,3
1042,3
1043,3
1044,3
1045,3
1045,1
1045,2
1046,2
1047,3
1048,2
1049,1
1050,1
1051,1
1051,3
1052,3
1053,3
1054,1
1055,1
1055,2
1056,1
1056,3
1056,2
1057,1
1058,1
1059,3
1060,2
1061,1
1061,3
1062,2
1062,1
1063,1
1064,3
1065,3
1066,3
1066,2
1066,1
1067,3
1067,2
1068,2
1069,3
1070,3
1071,2
1072,1
1073,2
1074,2
1074,3
1074,1
1075,3
1076,1
1076,2
1077,1
1078,3
1078,2
1078,1
1079,3
1080,1
1080,3
1081,2
1082,3
1083,3
1084,2
1085,3
1086,3
1087,1
1087,2
1088,2
1089,3
1090,3
1091,1
1092,1
1092,3
1093,2
1094,2
1095,1
1096,2
1097,3
1097,1
1098,3
1099,2
1100,1
1101,2
1102,3
1102,2
1102,1
1103,2
1104,3
1105,2
1106,1
1106,3
1106,2
1107,2
1108,1
1109,2
1109,1
1110,1
1111,3
1112,1
1112,3
1113,3
1113,1
1114,3
1115,1
1116,3
1117,3
1118,2
1118,1
1118,3
1119,3
1120,3
1121,2
1122,3
1123,2
1123,3
1124,3
1125,3
1126,3
1127,3
1128,3
1129,2
1130,1
1131,3
1132,3
1132,2
1133,1
1134,2
1134,1
1134,3
1135,1
1135,2
1136,1
1137,1
1137,3
1138,3
1139,3
1140,2
1140,3
1141,1
1142,3
1143,2
1143,3
1144,3
1145,1
1146,2
1147,2
1148,1
1149,2
1150,1
1150,3
1151,1
1151,2
1151,3
1152,3
1153,2
1153,1
1153,3
1154,2
1155,3
1156,3
1157,2
1158,2
1159,2
1159,3
1159,1
1160,1
1160,2
1160,3
1161,2
1162,1
1163,2
1164,2
1164,3
1165,2
1166,2
1167,2
1168,1
1169,3
1170,1
1171,1
1171,2
1172,1
1172,2
1172,3
1173,3
1173,2
1174,1
1175,3
1176,2
1177,3
1177,1
1178,2
1178,1
1179,2
1180,1
1181,1
1182,3
1183,3
1184,3
1184,2
1184,1
1185,1
1186,1
1186,3
1187,3
1188,2
1188,3
1188,1
1189,1
1189,3
1190,2
1191,2
1192,2
1192,3
1192,1
1193,3
1194,1
1194,3
1195,2
1196,2
1197,3
1198,3
1198,1
1199,2
1200,2
1200,1
1201,1
1202,2
1203,1
1204,3
1204,2
1205,2
1206,2
1206,3
1206,1
1207,3
1207,1
1208,2
1208,1
1208,3
1209,1
1210,1
1211,2
1211,3
1212,3
1213,3
1213,2
1214,3
1215,2
1215,3
1216,2
1216,3
1217,1
1218,1
1218,2
1218,3
1219,1
1219,2
1220,3
1221,3
1222,3
1222,2
1223,1
1224,3
1225,3
1226,3
1227,1
1228,3
1229,3
1230,1
1230,3
1231,2
1232,2
1233,2
1234,1
1235,1
1236,3
1237,3
1237,1
1237,2
1238,3
1239,3
1240,2
1240,1
1241,2
1242,3
1242,2
1243,1
1244,1
1245,3
1246,3
1246,2
1246,1
1247,2
1247,3
1247,1
1248,1
1249,2
1250,3
1250,1
1250,2
1251,3
1251,1
1251,2
1252,3
1252,1
1252,2
1253,1
1254,3
1255,3
1256,1
1257,2
1258,2
1259,1
1260,2
1261,1
1262,1
1263,1
1263,3
1263,2
1264,1
1265,3
1266,1
1267,3
1268,1
1268,3
1269,1
1270,2
1271,3
1271,1
1272,3
1273,2
1274,1
1274,2
1274,3
1275,2
1276,3
1277,3
1278,3
1279,3
1280,3
1281,3
1282,3
1283,3
1284,3
1285,3
1286,2
1286,1
1286,3
1287,1
1288,1
1289,2
1290,2
1290,1
1290,3
1291,1
1291,3
1292,2
1293,2
1293,1
1293,3
1294,3
1295,2
1296,1
1296,2
1297,1
1298,3
1298,2
1299,3
1299,2
1300,3
1301,2
1301,1
1301,3
1302,3
1303,1
1304,1
1305,1
1306,2
1307,3
1307,1
1308,1
1309,3
1310,2
1311,1
1312,3
1313,1
1313,2
1314,3
1315,3
1316,1
1316,2
1317,2
1318,1
1318,2
1319,1
1320,3
1320,1
1321,3
1321,2
1321,1
1322,2
1322,1
1322,3
1323,3
1323,2
1323,1
1324,2
1324,3
1325,2
1325,3
1325,1
1326,3
1326,2
1326,1
1327,3
1328,1
1329,2
1330,1
1331,3
1332,2
1333,3
1334,3
1335,1
1336,2
1337,2
1338,2
1338,1
1339,1
1340,3
1341,3
1341,2
1341,1
1342,3
1343,3
1344,1
1345,3
1345,1
1346,2
1346,1
1346,3
1347,2
1348,1
1349,2
1349,3
1350,1
1351,3
1352,3
1353,3
1354,1
1355,1
1355,2
1355,3
1356,2
1356,1
1357,3
1358,1
1359,2
1360,3
1361,3
1362,1
1362,3
1363,2
1364,3
1365,3
1366,3
1366,2
1367,3
1368,1
1368,3
1369,3
1370,3
1371,3
1372,3
1372,1
1372,2
1373,2
1374,1
1374,2
1374,3
1375,3
1376,1
1377,1
1378,1
1378,3
1379,1
1379,2
1380,3
1380,1
1380,2
1381,3
1382,2
1383,3
1383,2
1384,3
1385,3
1386,3
1386,1
1387,1
1388,3
1389,3
1389,1
1390,3
1390,1
1390,2
1391,3
1392,2
1392,3
1392,1
1393,3
1393,2
1394,1
1395,1
1396,3
1397,2
1397,1
1398,2
1399,3
1400,3
1401,2
1402,2
1403,1
1403,3
1404,3
1404,1
1404,2
1405,1
1406,3
1407,3
1407,2
1408,3
1409,3
1409,1
1409,2
1410,3
1410,1
1410,2
1411,3
1412,1
1412,3
1412,2
1413,3
1413,2
1414,3
1415,3
1416,3
1417,1
1418,3
1419,3
1420,3
1420,2
1421,1
1421,3
1422,1
1423,2
1424,2
1425,2
1425,3
1426,1
1426,3
1426,2
1427,3
1428,3
1429,1
1429,2
1429,3
1430,1
1431,2
1432,3
1433,3
1434,2
1434,3
1435,1
1435,2
1435,3
1436,3
1437,3
1438,1
1439,3
1439,2
1440,3
1441,2
1442,2
1443,1
1444,2
1444,3
1444,1
1445,1
1445,2
1445,3
1446,3
1447,3
1448,3
1449,3
1450,3
1451,2
1451,3
1452,1
1452,3
1453,2
1454,3
1455,3
1456,2
1457,3
1457,2
1458,2
1459,3
1459,1
1459,2
1460,3
1461,2
1462,1
1462,3
1463,2
1464,3
1465,1
1466,1
1467,3
1468,2
1469,2
1470,3
1471,2
1471,1
1472,1
1473,1
1473,2
1473,3
1474,2
1475,1
1476,2
1476,3
1477,1
1478,3
1478,1
1478,2
1479,1
1480,3
1480,2
1481,1
1482,1
1483,1
1484,1
1485,1
1486,1
1487,2
1488,3
1488,2
1489,1
1490,3
1491,1
1491,3
1491,2
1492,2
1492,3
1493,1
1493,2
1494,1
1494,2
1495,3
1495,2
1496,2
1496,1
1497,3
1498,3
1499,3
1500,3
1501,2
1501,1
1501,3
1502,1
1503,3
1504,2
1504,1
1505,3
1506,2
1507,3
1508,1
1509,1
1510,3
1511,3
1512,1
1512,3
1513,3
1514,2
1515,2
1516,3
1516,2
1516,1
1517,3
1517,2
1518,3
1519,3
1520,1
1520,3
1520,2
1521,3
1522,1
1523,1
1524,1
1524,3
1525,3
1526,3
1526,2
1527,3
1528,2
1528,3
1529,1
1529,2
1530,2
1531,2
1532,2
1533,3
1534,3
1535,2
1536,2
1537,3
1538,2
1538,3
1539,3
1540,2
1541,2
1542,1
1542,2
1542,3
1543,1
1544,2
1545,3
1546,3
1547,2
1548,3
1548,1
1549,3
1550,1
1550,3
1551,3
1551,2
1552,3
1553,1
1553,2
1554,1
1555,3
1556,3
1557,1
1558,1
1558,2
1558,3
1559,3
1560,3
1561,2
1561,1
1561,3
1562,3
1563,3
1564,1
1565,2
1565,3
1566,3
1567,3
1567,1
1568,1
1568,2
1569,3
1570,2
1571,1
1572,2
1573,3
1574,1
1574,2
1575,2
1576,1
1577,2
1578,2
1579,2
1580,1
1581,2
1582,2
1582,3
1582,1
1583,1
1584,1
1585,2
1585,3
1586,2
1586,3
1587,3
1588,3
1589,3
1590,3
1591,3
1592,3
1593,2
1594,3
1595,3
1596,2
1597,3
1597,2
1598,3
1598,1
1598,2
1599,3
1599,1
1600,3
1601,2
1601,3
1601,1
1602,2
1603,3
1603,1
1604,1
1605,1
1605,3
1605,2
1606,2
1607,2
1608,2
1608,1
1609,2
1610,3
1611,1
1611,2
1612,2
1613,3
1613,2
1613,1
1614,1
1614,3
1614,2
1615,1
1615,2
1616,1
1616,2
1616,3
1617,2
1617,3
1617,1
1618,3
1619,1
1620,1
1620,3
1621,1
1622,2
1622,1
1623,2
1624,2
1625,3
1625,2
1626,3
1627,3
1628,3
1629,1
1629,2
1629,3
1630,3
1631,3
1631,2
1631,1
1632,1
1633,1
1633,3
1634,1
1635,2
1636,2
1636,3
1637,2
1638,1
1639,3
1640,1
1641,3
1641,1
1642,3
1643,2
1644,2
1645,2
1645,1
1645,3
1646,1
1647,3
1648,2
1649,3
1650,3
1650,2
1651,1
1652,1
1653,3
1654,3
1654,1
1655,3
1656,2
1656,1
1657,1
1658,3
1659,2
1659,1
1660,1
1660,2
1661,2
1661,1
1662,3
1663,3
1664,2
1664,3
1664,1
1665,3
1665,1
1666,3
1667,3
1668,2
1669,1
1669,3
1670,2
1671,2
1672,3
1673,1
1673,2
1674,1
1675,1
1675,3
1676,3
1677,1
1678,1
1679,3
1680,2
1680,1
1681,2
1682,3
1682,1
1683,3
1684,1
1685,1
1686,1
1686,3
1687,2
1688,1
1689,1
1690,1
1691,3
1692,3
1693,3
1693,1
1694,1
1695,3
1696,2
1696,3
1696,1
1697,3
1698,3
1699,3
1700,3
1700,1
1701,1
1702,3
1703,3
1704,1
1705,2
1705,1
1706,3
1706,1
1707,3
1708,2
1709,3
1710,3
1711,3
1711,1
1712,3
1713,2
1714,3
1715,3
1716,2
1716,1
1717,1
1717,2
1718,3
1719,2
1719,1
1720,3
1721,3
1721,1
1722,2
1723,2
1723,3
1723,1
1724,3
1725,1
1725,3
1726,3
1727,3
1727,1
1727,2
1728,3
1728,1
1728,2
1729,2
1729,3
1730,1
1730,3
1731,1
1732,2
1732,3
1733,2
1734,3
1734,1
1735,1
1736,1
1736,3
1737,3
1738,3
1739,1
1740,3
1741,2
1742,1
1743,3
1743,2
1743,1
1744,2
1744,3
1745,3
1745,1
1745,2
1746,1
1747,1
1748,2
1748,1
1749,1
1749,3
1750,3
1751,1
1751,3
1752,1
1753,1
1754,3
1755,3
1756,1
1757,3
1757,1
1758,3
1759,2
1760,3
1761,3
1762,3
1762,2
1762,1
1763,3
1763,1
1764,2
1765,3
1766,1
1767,2
1767,1
1768,2
1769,3
1770,1
1770,3
1771,1
1772,3
1773,3
1773,1
1774,1
1775,1
1776,1
1777,1
1777,2
1778,3
1778,1
1779,2
1780,2
1781,2
1781,1
1782,3
1782,2
1783,3
1784,1
1785,1
1786,3
1787,3
1788,3
1789,3
1790,1
1791,3
1792,1
1792,2
1792,3
1793,1
1794,1
1795,1
1796,1
1796,3
1797,1
1798,3
1798,2
1799,1
1799,3
1799,2
1800,3
1801,3
1802,1
1803,3
1804,2
1804,1
1805,1
1805,2
1806,2
1806,3
1807,3
1808,3
1809,2
1809,1
1810,2
1811,1
1812,1
1812,2
1812,3
1813,3
1813,2
1813,1
1814,2
1814,1
1815,1
1816,3
1817,2
1817,3
1817,1
1818,2
1818,3
1819,3
1819,1
1819,2
1820,3
1820,1
1821,1
1822,1
1823,3
1824,2
1825,1
1826,1
1827,2
1827,3
1827,1
1828,3
1829,1
1829,3
1830,1
1830,3
1830,2
1831,2
1832,1
1833,3
1834,3
1835,1
1836,3
1837,2
1838,1
1839,2
1839,1
1840,1
1840,3
1841,2
1842,2
1843,2
1843,1
1844,3
1845,2
1846,2
1847,1
1847,2
1848,1
1849,1
1850,3
1851,2
1851,1
1851,3
1852,1
1853,2
1854,1
1855,2
1856,1
1857,1
1857,3
1858,3
1859,3
1860,3
1861,3
1861,1
1862,2
1862,1
1863,3
1864,3
1865,3
1866,1
1867,3
1868,3
1868,2
1869,2
1869,3
1869,1
1870,1
1871,3
1872,3
1873,3
1874,1
1874,3
1874,2
1875,2
1875,3
1875,1
1876,1
1877,1
1878,2
1879,2
1880,2
1880,3
1880,1
1881,3
1882,1
1883,2
1884,1
1885,2
1886,3
1887,3
1887,2
1888,2
1888,1
1889,2
1889,1
1890,3
1891,2
1891,1
1891,3
1892,2
1893,1
1894,3
1895,3
1896,1
1896,3
1897,1
1898,2
1898,3
1899,3
1900,3
1900,1
1901,2
1901,3
1902,3
1903,3
1904,3
1905,3
1906,2
1907,1
1907,3
1907,2
1908,1
1909,1
1910,1
1910,3
1911,2
1912,1
1913,1
1914,3
1915,3
1915,1
1916,3
1916,2
1916,1
1917,2
1917,1
1917,3
1918,3
1919,3
1920,1
1920,2
1920,3
1921,3
1922,3
1923,3
1924,3
1924,1
1925,3
1926,3
1927,3
1928,2
1928,3
1928,1
1929,1
1929,2
1929,3
1930,1
1930,2
1931,3
1931,2
1931,1
1932,3
1933,2
1934,3
1935,2
1935,3
1936,1
1937,2
1937,1
1938,3
1939,2
1939,3
1940,3
1941,1
1941,3
1942,3
1943,3
1944,3
1945,2
1946,2
1947,2
1947,3
1947,1
1948,1
1948,3
1949,3
1950,1
1950,2
1950,3
1951,2
1951,1
1951,3
1952,1
1952,3
1953,2
1954,3
1955,1
1956,2
1956,1
1956,3
1957,2
1958,3
1959,3
1960,3
1960,1
1961,1
1962,3
1962,2
1963,2
1964,3
1965,2
1966,3
1967,3
1968,3
1969,3
1970,3
1970,1
1971,3
1972,3
1973,1
1974,2
1974,3
1975,2
1976,2
1977,3
1978,3
1979,1
1980,2
1980,3
1981,1
1982,1
1983,2
1984,2
1985,1
1985,2
1986,2
1986,3
1986,1
1987,3
1988,3
1989,3
1990,3
1991,3
1992,1
1993,3
1994,3
1995,3
1996,2
1997,1
1998,1
1998,3
1998,2
1999,1
2000,1
2001,3
2002,3
2002,1
2003,1
2003,3
2003,2
2004,3
2005,1
2006,3
2006,1
2006,2
2007,3
2007,2
2007,1
2008,3
2009,3
2009,1
2010,3
2011,2
2012,3
2012,2
2013,1
2014,3
2014,1
2014,2
2015,3
2016,3
2017,1
2018,3
2019,2
2020,2
2020,3
2021,3
2022,1
2023,2
2024,2
2025,2
2026,3
2027,1
2028,2
2029,3
2030,3
2030,2
2031,3
2031,2
2032,3
2033,1
2034,1
2035,1
2036,2
2037,1
2038,2
2039,1
2040,1
2041,2
2041,1
2042,3
2043,3
2044,1
2045,3
2046,1
2046,3
2046,2
2047,2
2047,1
2047,3
2048,2
2048,1
2048,3
2049,1
2050,1
2051,3
2052,3
2052,1
2052,2
2053,3
2054,2
2055,2
2056,2
2056,1
2057,3
2058,3
2059,1
2060,3
2061,2
2062,3
2063,2
2064,3
2064,2
2064,1
2065,2
2065,3
2066,3
2067,3
2068,1
2069,3
2070,3
2070,1
2071,1
2071,3
2071,2
2072,2
2072,1
2073,2
2074,1
2075,2
2076,3
2077,1
2078,3
2079,1
2080,3
2081,2
2082,3
2083,3
2084,3
2084,2
2085,1
2086,2
2087,3
2088,3
2088,2
2088,1
2089,1
2089,3
2090,3
2091,2
2091,1
2091,3
2092,3
2093,3
2093,1
2093,2
2094,2
2095,2
2096,1
2097,1
2098,3
2099,1
2100,3
2101,2
2102,3
2103,3
2104,3
2104,1
2105,2
2105,3
2105,1
2106,3
2106,2
2107,3
2108,3
2108,1
2108,2
2109,2
2110,3
2111,3
2112,1
2112,3
2112,2
2113,3
2114,3
2115,1
2116,3
2117,1
2117,3
2117,2
2118,2
2118,3
2119,1
2120,2
2120,3
2121,1
2121,2
2122,1
2122,3
2123,3
2124,3
2124,2
2124,1
2125,3
2126,2
2127,2
2128,2
2129,3
2130,2
2131,2
2132,3
2133,2
2133,1
2134,3
2135,1
2136,1
2137,3
2138,2
2139,3
2139,2
2140,3
2141,2
2141,3
2142,3
2143,2
2144,1
2144,2
2145,3
2145,1
2146,2
2146,1
2147,2
2148,3
2148,1
2149,2
2150,1
2151,2
2152,2
2153,1
2153,3
2154,3
2155,1
2156,3
2157,1
2158,1
2158,3
2159,2
2159,1
2159,3
2160,3
2161,2
2162,1
2163,1
2164,2
2165,1
2165,3
2166,3
2166,1
2167,2
2168,2
2169,2
2169,3
2170,2
2171,2
2171,1
2171,3
2172,3
2173,3
2174,2
2174,1
2174,3
2175,2
2176,1
2177,2
2178,1
2178,3
2179,2
2180,2
2181,1
2181,3
2182,1
2183,1
2184,1
2185,1
2185,2
2186,3
2186,1
2186,2
2187,2
2188,3
2189,2
2189,3
2190,3
2191,2
2192,3
2193,1
2193,3
2193,2
2194,3
2195,2
2196,2
2197,1
2197,3
2197,2
2198,3
2199,3
2199,1
2199,2
2200,3
2201,1
2201,3
2202,2
2202,3
2203,1
2204,1
2205,3
2206,2
2206,3
2207,3
2207,2
2208,3
2209,2
2209,3
2210,2
2210,3
2211,2
2211,1
2211,3
2212,3
2213,3
2214,3
2215,3
2216,3
2217,3
2218,2
2218,1
2218,3
2219,2
2220,3
2221,1
2222,3
2223,3
2224,1
2225,3
2226,3
2227,3
2228,3
2229,2
2230,3
2230,2
2230,1
2231,3
2232,1
2232,3
2232,2
2233,3
2234,3
2235,3
2236,3
2237,2
2238,3
2239,1
2240,1
2241,1
2241,3
2242,2
2243,2
2244,2
2244,1
2245,3
2246,3
2247,3
2248,3
2249,3
2250,3
2251,3
2251,1
2251,2
2252,1
2253,1
2254,2
2254,1
2255,1
2255,2
2256,2
2257,2
2258,2
2259,1
2259,3
2260,1
2260,2
2261,3
2261,2
2262,3
2263,1
2264,3
2265,3
2265,1
2266,2
2266,3
2267,2
2267,3
2268,3
2269,3
2270,1
2271,2
2272,3
2272,2
2272,1
2273,3
2274,1
2275,2
2276,2
2277,2
2278,2
2279,2
2280,3
2281,1
2281,2
2282,1
2282,3
2282,2
2283,3
2284,2
2285,2
2286,3
2286,2
2287,2
2287,3
2288,3
2289,1
2289,2
2289,3
2290,1
2291,1
2292,1
2293,2
2294,2
2295,3
2296,3
2296,1
2297,3
2297,2
2297,1
2298,2
2299,2
2300,1
2301,3
2302,3
2303,3
2304,1
2305,2
2305,1
2305,3
2306,1
2307,1
2308,1
2309,1
2310,1
2311,3
2311,1
2312,1
2313,3
2314,2
2315,1
2315,3
2316,3
2317,3
2317,2
2318,3
2319,1
2319,3
2320,3
2321,3
2322,3
2322,2
2322,1
2323,3
2324,3
2325,2
2326,1
2327,2
2328,2
2328,3
2329,1
2330,3
2331,3
2332,3
2333,3
2334,3
2335,1
2335,2
2335,3
2336,3
2337,2
2338,3
2339,2
2340,2
2341,2
2342,1
2342,2
2343,1
2343,3
2344,2
2344,1
2344,3
2345,2
2346,1
2347,2
2348,3
2349,1
2350,1
2351,2
2352,2
2353,3
2354,3
2355,3
2356,2
2357,3
2358,3
2359,1
2360,3
2361,3
2362,3
2363,2
2364,2
2365,2
2366,2
2366,1
2367,3
2368,3
2369,3
2370,3
2370,2
2371,2
2372,1
2372,3
2373,2
2374,3
2375,3
2376,2
2377,2
2378,3
2378,1
2379,3
2379,2
2380,1
2381,2
2382,2
2382,1
2383,3
2384,3
2384,1
2385,3
2386,3
2387,3
2388,3
2388,1
2388,2
2389,3
2390,3
2391,1
2392,3
2393,1
2394,3
2395,1
2396,3
2397,2
2397,3
2397,1
2398,3
2398,2
2398,1
2399,3
2400,3
2401,1
2402,3
2403,2
2404,2
2405,2
2406,2
2407,1
2408,3
2408,1
2409,3
2410,3
2411,2
2411,3
2412,2
2412,3
2413,3
2414,3
2415,3
2416,1
2417,2
2418,2
2419,2
2419,3
2419,1
2420,3
2421,2
2421,3
2422,2
2423,2
2424,3
2425,1
2426,3
2427,3
2427,2
2428,1
2429,2
2430,2
2431,1
2432,1
2433,1
2433,2
2434,3
2435,3
2435,1
2436,3
2436,1
2437,1
2438,2
2439,1
2439,3
2440,2
2441,1
2442,1
2443,1
2443,3
2444,3
2445,2
2445,3
2446,2
2447,1
2448,3
2449,3
2450,3
2451,1
2451,3
2452,2
2453,3
2454,1
2455,2
2456,1
2456,3
2457,3
2458,3
2458,1
2458,2
2459,1
2459,3
2459,2
2460,3
2461,2
2462,3
2463,3
2464,1
2464,3
2465,1
2466,3
2467,3
2467,2
2468,1
2469,3
2470,3
2471,1
2472,3
2473,3
2473,1
2474,2
2474,3
2475,3
2476,3
2476,1
2477,3
2477,2
2478,2
2479,3
2480,3
2481,2
2482,3
2483,3
2484,3
2485,1
2486,1
2486,2
2487,3
2488,3
2489,3
2490,1
2491,2
2491,1
2492,2
2493,2
2494,3
2495,3
2496,3
2496,1
2496,2
2497,2
2497,3
2498,3
2499,2
2500,3
2501,3
2501,1
2502,1
2503,2
2504,2
2504,3
2505,3
2506,2
2506,3
2506,1
2507,3
2508,3
2509,3
2510,3
2511,2
2512,1
2513,3
2514,2
2515,3
2516,3
2517,3
2518,2
2519,2
2520,3
2521,2
2521,3
2521,1
2522,1
2523,3
2523,1
2523,2
2524,2
2525,3
2525,2
2526,3
2526,1
2527,2
2527,1
2527,3
2528,1
2529,2
2530,3
2531,3
2531,1
2532,3
2532,1
2533,3
2534,3
2535,3
2536,3
2537,2
2537,1
2538,3
2539,1
2540,2
2541,2
2542,3
2542,1
2543,2
2543,3
2544,3
2545,2
2546,1
2546,2
2547,3
2548,1
2549,1
2549,3
2550,3
2550,2
2551,1
2552,3
2552,1
2553,3
2554,3
2555,3
2556,1
2557,2
2558,1
2558,2
2559,1
2560,1
2561,3
2562,1
2562,3
2562,2
2563,3
2564,3
2564,1
2565,3
2566,3
2567,2
2568,3
2568,1
2568,2
2569,3
2570,2
2570,3
2571,3
2572,2
2573,3
2573,1
2574,3
2575,2
2575,3
2575,1
2576,1
2576,3
2576,2
2577,1
2577,3
2577,2
2578,2
2579,3
2579,2
2580,1
2581,1
2582,3
2583,1
2584,3
2585,1
2585,3
2586,3
2586,2
2587,3
2588,3
2588,1
2589,3
2589,2
2590,2
2591,1
2592,3
2593,1
2593,2
2594,1
2595,1
2596,3
2596,1
2597,3
2598,3
2599,2
2600,2
2601,3
2601,2
2602,1
2603,2
2603,3
2604,1
2605,1
2605,3
2606,1
2606,3
2607,3
2608,1
2609,2
2610,3
2610,1
2610,2
2611,3
2611,2
2612,3
2613,3
2614,2
2615,3
2616,2
2616,1
2616,3
2617,2
2618,1
2618,3
2619,1
2620,2
2621,3
2621,1
2622,3
2623,1
2623,3
2624,1
2625,2
2626,1
2627,3
2628,3
2629,1
2630,2
2630,3
2630,1
2631,3
2632,3
2633,2
2633,1
2633,3
2634,3
2635,2
2635,3
2636,1
2637,3
2638,1
2639,2
2639,3
2640,1
2640,3
2641,2
2642,1
2643,3
2644,3
2645,3
2645,1
2646,3
2647,3
2648,2
2649,3
2650,3
2651,3
2651,2
2651,1
2652,3
2653,1
2654,3
2655,2
2656,2
2656,3
2657,1
2658,1
2659,1
2659,3
2660,3
2660,1
2661,3
2662,1
2663,1
2664,2
2665,3
2666,3
2667,1
2667,3
2668,3
2669,3
2670,1
2671,1
2672,2
2673,1
2674,3
2675,1
2676,3
2677,2
2678,1
2679,2
2680,1
2680,3
2681,3
2681,2
2682,3
2682,1
2683,1
2684,3
2685,3
2686,1
2686,3
2687,3
2688,2
2688,3
2688,1
2689,3
2690,1
2690,3
2690,2
2691,3
2692,2
2692,1
2693,3
2694,2
2695,2
2696,2
2697,1
2698,3
2699,3
2699,1
2700,1
2701,2
2702,2
2703,2
2704,3
2705,2
2706,3
2707,3
2708,3
2709,3
2710,3
2711,3
2712,3
2713,2
2713,1
2713,3
2714,2
2715,3
2715,2
2716,1
2717,1
2718,2
2719,2
2720,1
2721,3
2722,3
2723,2
2723,3
2723,1
2724,3
2725,2
2726,1
2727,2
2727,3
2727,1
2728,2
2729,3
2730,3
2731,2
2731,1
2732,2
2732,3
2733,3
2733,2
2734,2
2735,1
2736,2
2737,3
2738,2
2738,3
2738,1
2739,2
2740,2
2741,1
2742,1
2743,2
2744,3
2745,2
2745,3
2746,3
2747,1
2748,1
2748,3
2749,1
2750,3
2750,1
2751,3
2752,2
2753,3
2753,2
2754,3
2755,3
2755,2
2755,1
2756,1
2756,3
2757,3
2758,3
2758,1
2759,3
2760,3
2761,3
2762,3
2763,2
2763,1
2764,3
2765,1
2766,3
2767,3
2768,3
2769,2
2770,3
2771,1
2772,3
2773,3
2774,2
2775,1
2776,1
2776,2
2776,3
2777,3
2777,1
2777,2
2778,1
2779,2
2780,1
2780,3
2781,2
2782,3
2783,3
2784,3
2784,1
2785,3
2785,1
2785,2
2786,1
2787,2
2788,1
2789,1
2790,1
2791,2
2792,1
2792,3
2792,2
2793,3
2794,1
2795,2
2796,2
2797,3
2798,2
2798,1
2799,3
2800,3
2800,1
2801,3
2802,3
2803,3
2804,3
2804,2
2805,3
2806,1
2807,3
2808,3
2809,1
2810,3
2811,3
2812,2
2813,1
2814,1
2815,3
2816,3
2817,1
2818,1
2819,3
2820,3
2821,3
2822,1
2822,3
2822,2
2823,1
2823,3
2824,3
2825,3
2826,1
2826,3
2826,2
2827,3
2828,2
2828,3
2828,1
2829,3
2830,3
2830,2
2831,2
2832,1
2832,2
2832,3
2833,2
2833,3
2833,1
2834,3
2835,2
2835,1
2836,1
2837,3
2838,3
2839,3
2840,1
2841,3
2842,3
2843,3
2844,2
2844,1
2844,3
2845,3
2846,3
2847,2
2848,2
2848,3
2849,1
2850,1
2851,3
2852,1
2853,1
2854,3
2855,1
2856,2
2857,3
2858,2
2858,1
2858,3
2859,1
2860,2
2861,2
2862,2
2863,1
2864,3
2865,3
2865,2
2866,3
2866,2
2867,3
2867,1
2868,3
2868,1
2869,2
2870,3
2871,1
2872,3
2872,2
2873,3
2873,1
2874,1
2875,3
2876,3
2877,3
2878,1
2879,3
2879,2
2880,3
2881,3
2882,3
2883,3
2884,1
2885,3
2886,1
2887,3
2888,3
2888,1
2888,2
2889,2
2889,3
2889,1
2890,3
2891,2
2892,1
2893,2
2893,1
2894,1
2895,1
2895,2
2896,2
2897,2
2898,3
2898,2
2898,1
2899,3
2900,2
2900,1
2901,3
2902,1
2902,3
2903,2
2904,3
2905,3
2906,3
2907,3
2907,2
2908,3
2909,3
2910,3
2911,2
2911,3
2912,1
2913,2
2914,2
2915,2
2916,1
2916,3
2917,1
2918,1
2919,1
2920,3
2920,1
2921,2
2921,3
2922,1
2922,2
2922,3
2923,3
2923,1
2924,3
2925,3
2926,3
2927,3
2928,3
2929,2
2929,1
2930,3
2931,3
2932,2
2933,3
2934,3
2935,3
2935,1
2935,2
2936,2
2936,3
2936,1
2937,1
2938,1
2938,2
2939,1
2940,3
2941,3
2941,2
2942,3
2943,3
2944,1
2944,3
2945,2
2946,1
2946,2
2946,3
2947,3
2947,2
2948,1
2948,3
2949,2
2949,3
2950,2
2951,3
2951,1
2951,2
2952,3
2953,1
2953,2
2954,3
2954,2
2955,3
2955,2
2956,1
2956,2
2956,3
2957,2
2957,1
2958,3
2958,2
2959,3
2960,1
2960,3
2961,3
2961,1
2961,2
2962,3
2963,1
2964,2
2964,1
2964,3
2965,3
2966,2
2967,3
2968,3
2969,3
2970,3
2970,2
2970,1
2971,1
2971,3
2972,2
2973,3
2974,3
2975,3
2975,2
2976,3
2977,2
2978,3
2979,1
2980,2
2981,3
2982,1
2983,1
2984,3
2985,2
2986,2
2987,3
2988,3
2989,3
2990,2
2991,3
2991,1
2992,3
2993,3
2993,2
2994,1
2994,2
2994,3
2995,3
2996,1
2997,3
2998,3
2998,1
2999,2
3000,2
3001,2
3002,2
3003,3
3004,3
3005,3
3006,3
3007,3
3008,3
3009,3
3010,3
3011,3
3011,2
3012,3
3013,3
3014,1
3014,3
3015,2
3015,3
3016,3
3017,3
3018,3
3019,3
3020,1
3020,2
3021,3
3022,1
3023,1
3024,2
3024,1
3025,1
3026,3
3027,2
3027,1
3028,3
3029,3
3030,2
3031,2
3032,1
3033,1
3033,3
3034,1
3035,3
3036,3
3037,3
3038,3
3038,2
3039,3
3039,1
3040,3
3041,1
3041,3
3042,3
3043,3
3044,3
3045,1
3045,3
3046,3
3047,1
3047,2
3047,3
3048,1
3049,3
3050,3
3051,1
3052,3
3053,3
3054,3
3054,2
3055,1
3055,3
3055,2
3056,3
3057,3
3058,1
3058,3
3058,2
3059,3
3060,3
3061,1
3061,3
3061,2
3062,3
3062,1
3063,1
3064,3
3065,3
3065,1
3066,1
3067,1
3067,2
3067,3
3068,3
3069,3
3069,1
3069,2
3070,3
3070,1
3070,2
3071,2
3072,1
3073,2
3074,3
3075,3
3076,3
3077,3
3078,1
3079,3
3080,1
3081,3
3082,3
3082,1
3083,3
3084,3
3085,3
3085,2
3086,2
3087,1
3088,3
3089,3
3090,2
3090,3
3091,3
3092,1
3093,3
3094,2
3095,1
3096,3
3097,2
3098,2
3099,1
3099,2
3100,1
3100,3
3101,1
3102,2
3103,2
3103,3
3104,1
3105,3
3106,2
3107,1
3108,3
3109,2
3110,3
3110,1
3111,3
3112,2
3113,1
3114,1
3115,1
3116,1
3116,2
3116,3
3117,1
3118,3
3118,1
3119,1
3119,2
3119,3
3120,2
3120,1
3121,1
3121,2
3121,3
3122,1
3123,1
3123,3
3123,2
3124,1
3125,1
3125,3
3126,3
3127,1
3128,2
3129,2
3129,3
3130,2
3131,1
3131,3
3131,2
3132,2
3133,1
3134,2
3134,3
3134,1
3135,2
3136,1
3136,3
3137,1
3138,2
3139,1
3139,3
3140,2
3141,3
3141,2
3142,1
3143,2
3144,3
3145,2
3146,3
3147,2
3147,1
3148,3
3149,1
3150,2
3151,2
3152,3
3153,3
3154,3
3155,3
3156,3
3157,2
3157,3
3157,1
3158,3
3159,2
3159,1
3159,3
3160,1
3161,3
3162,3
3163,3
3164,1
3164,2
3164,3
3165,2
3166,3
3167,2
3168,2
3168,1
3169,3
3170,3
3171,3
3171,2
3172,1
3173,3
3173,1
3173,2
3174,3
3175,3
3175,1
3176,3
3177,1
3178,3
3178,1
3179,3
3180,3
3181,3
3182,3
3183,3
3184,3
3185,3
3186,3
3187,2
3188,3
3189,3
3190,2
3190,3
3191,1
3191,2
3192,1
3193,2
3194,1
3195,1
3196,3
3197,2
3198,3
3199,3
3200,3
3201,2
3201,1
3201,3
3202,2
3202,3
3203,1
3204,3
3205,1
3206,1
3206,2
3207,2
3208,3
3209,2
3209,1
3210,2
3211,2
3212,2
3212,3
3212,1
3213,1
3214,2
3214,3
3215,2
3216,1
3216,2
3217,1
3218,1
3219,2
3220,3
3221,1
3221,3
3221,2
3222,3
3223,3
3224,3
3225,3
3226,3
3227,1
3228,1
3229,3
3229,1
3229,2
3230,1
3231,2
3232,1
3232,3
3233,3
3233,1
3233,2
3234,1
3235,1
3235,3
3235,2
3236,1
3237,1
3237,2
3237,3
3238,2
3239,3
3240,1
3241,2
3242,1
3243,1
3244,1
3244,3
3245,3
3246,2
3247,3
3248,3
3249,1
3250,2
3251,1
3251,3
3252,2
3252,1
3252,3
3253,2
3253,1
3254,3
3255,3
3256,3
3257,3
3258,2
3258,3
3258,1
3259,1
3260,1
3260,3
3260,2
3261,2
3262,1
3262,3
3263,3
3264,3
3264,2
3264,1
3265,3
3265,1
3266,3
3267,3
3267,2
3268,1
3269,3
3270,3
3271,1
3272,3
3273,3
3273,1
3274,3
3275,3
3276,1
3276,2
3276,3
3277,2
3277,3
3278,3
3279,3
3280,3
3281,3
3282,3
3282,2
3283,2
3283,1
3284,1
3284,3
3284,2
3285,2
3286,2
3286,1
3287,1
3288,3
3289,3
3289,1
3290,2
3290,3
3291,1
3292,1
3293,3
3294,2
3294,1
3295,3
3295,2
3296,1
3296,3
3297,3
3298,1
3298,3
3299,3
3300,3
3301,3
3302,3
3303,3
3304,3
3305,2
3305,1
3306,3
3307,3
3308,1
3309,1
3309,3
3310,2
3311,2
3312,3
3312,1
3312,2
3313,3
3314,2
3315,1
3315,3
3315,2
3316,1
3317,3
3318,2
3318,3
3319,3
3320,1
3320,3
3321,3
3322,2
3323,3
3324,2
3325,2
3325,1
3326,2
3327,2
3327,3
3328,3
3329,3
3330,1
3331,3
3331,2
3332,1
3332,2
3332,3
3333,2
3334,2
3335,1
3336,1
3337,2
3338,2
3339,1
3340,2
3341,1
3341,2
3342,2
3343,1
3344,3
3345,1
3345,2
3346,3
3347,1
3347,2
3348,3
3349,2
3349,3
3349,1
3350,1
3350,3
3351,1
3351,3
3352,1
3352,3
3352,2
3353,3
3353,1
3354,1
3355,3
3355,1
3355,2
3356,3
3357,3
3358,2
3359,2
3359,1
3359,3
3360,3
3361,3
3361,1
3362,3
3362,2
3363,3
3364,3
3364,2
3364,1
3365,2
3366,2
3366,3
3367,1
3368,3
3369,3
3370,1
3371,2
3371,3
3372,3
3372,1
3373,2
3374,3
3375,3
3376,1
3376,3
3377,3
3378,1
3378,2
3379,3
3380,3
3381,3
3381,2
3382,1
3383,1
3384,3
3384,1
3385,2
3386,2
3387,2
3388,3
3388,2
3389,2
3390,3
3390,2
3391,2
3392,3
3393,1
3393,3
3393,2
3394,3
3395,3
3395,1
3395,2
3396,3
3396,2
3397,3
3398,3
3399,1
3400,1
3401,2
3402,3
3402,1
3402,2
3403,1
3404,3
3405,1
3405,2
3406,1
3406,2
3406,3
3407,1
3408,2
3408,1
3409,2
3409,3
3410,3
3411,1
3412,2
3413,2
3414,3
3415,3
3416,3
3417,1
3417,3
3418,3
3419,2
3420,2
3420,3
3420,1
3421,2
3422,3
3422,2
3423,3
3424,1
3425,3
3426,1
3427,3
3428,3
3428,1
3428,2
3429,1
3430,1
3431,3
3432,1
3433,3
3434,3
3435,1
3435,3
3436,1
3437,1
3438,3
3439,2
3439,1
3439,3
3440,1
3440,3
3441,2
3442,1
3443,1
3444,1
3445,2
3446,1
3447,1
3447,3
3448,1
3448,2
3449,3
3450,2
3450,1
3451,1
3452,3
3453,1
3453,2
3453,3
3454,3
3455,1
3455,3
3456,1
3457,3
3458,2
3459,3
3460,3
3461,1
3462,3
3463,3
3463,1
3464,2
3464,3
3465,2
3466,2
3467,3
3467,2
3468,2
3469,3
3470,3
3471,3
3472,3
3473,3
3474,3
3475,3
3476,1
3476,3
3476,2
3477,2
3477,3
3477,1
3478,2
3478,3
3478,1
3479,3
3480,3
3481,2
3482,2
3482,1
3482,3
3483,3
3484,3
3484,1
3485,3
3486,1
3486,2
3487,3
3488,1
3488,3
3489,3
3489,1
3490,3
3491,1
3491,2
3492,2
3493,3
3494,1
3495,2
3495,1
3496,3
3497,1
3498,1
3499,2
3500,3
3501,3
3501,2
3502,3
3503,3
3503,2
3504,3
3505,3
3506,3
3506,2
3507,3
3508,3
3509,1
3509,3
3510,2
3511,3
3512,2
3513,2
3514,3
3514,1
3514,2
3515,3
3516,3
3516,1
3517,3
3518,3
3518,1
3518,2
3519,1
3520,1
3520,3
3521,2
3522,3
3523,2
3523,1
3523,3
3524,3
3525,2
3526,3
3527,3
3528,3
3529,1
3530,2
3530,3
3531,1
3531,2
3531,3
3532,3
3533,1
3534,3
3535,3
3535,2
3536,3
3536,2
3537,1
3538,1
3539,2
3540,2
3540,1
3541,3
3541,2
3542,3
3543,2
3544,1
3545,1
3546,3
3547,3
3547,2
3548,2
3549,3
3550,2
3551,2
3552,3
3552,2
3553,1
3554,2
3555,1
3556,1
3557,2
3557,3
3558,2
3559,1
3559,3
3560,3
3561,2
3561,3
3562,2
3562,3
3563,3
3563,2
3564,3
3565,2
3566,2
3567,2
3567,3
3567,1
3568,2
3569,2
3569,1
3569,3
3570,3
3571,2
3572,3
3572,2
3572,1
3573,3
3574,3
3575,3
3575,1
3575,2
3576,3
3577,1
3577,2
3578,3
3579,3
3579,1
3580,2
3580,1
3581,1
3581,3
3582,2
3583,3
3584,2
3584,3
3584,1
3585,1
3585,2
3586,1
3587,2
3587,3
3587,1
3588,2
3589,1
3589,3
3589,2
3590,3
3590,1
3590,2
3591,2
3592,3
3592,1
3592,2
3593,1
3594,1
3595,3
3596,3
3597,2
3598,3
3599,1
3599,2
3600,1
3601,3
3602,2
3602,3
3602,1
3603,3
3603,2
3604,3
3605,2
3606,3
3607,3
3608,3
3609,1
3610,3
3611,3
3612,1
3613,2
3614,3
3615,3
3616,1
3616,2
3616,3
3617,2
3618,3
3619,2
3620,2
3621,1
3621,3
3621,2
3622,1
3623,2
3624,1
3625,3
3625,2
3625,1
3626,1
3627,3
3627,1
3628,1
3628,3
3628,2
3629,3
3629,2
3630,3
3631,3
3632,3
3632,2
3633,3
3634,2
3634,1
3635,3
3636,1
3636,3
3636,2
3637,1
3637,3
3638,1
3639,2
3640,1
3640,2
3640,3
3641,1
3642,1
3642,3
3643,2
3644,2
3644,3
3645,2
3646,1
3646,3
3647,3
3648,3
3649,2
3649,3
3650,2
3651,3
3652,2
3653,2
3654,3
3655,1
3656,3
3657,2
3657,1
3657,3
3658,3
3659,2
3659,3
3660,3
3661,1
3662,2
3662,3
3662,1
3663,3
3663,1
3663,2
3664,3
3665,3
3666,2
3667,1
3667,3
3668,3
3668,2
3668,1
3669,2
3669,1
3670,2
3671,2
3672,2
3672,1
3673,1
3674,3
3674,1
3675,2
3675,3
3676,1
3677,1
3678,1
3679,3
3679,1
3679,2
3680,2
3680,1
3681,3
3682,3
3683,2
3684,1
3684,2
3685,3
3686,1
3687,3
3687,2
3688,2
3689,1
3689,3
3690,3
3691,3
3691,2
3691,1
3692,1
3692,3
3692,2
3693,1
3694,2
3694,3
3694,1
3695,1
3695,2
3695,3
3696,2
3696,3
3697,3
3698,3
3699,3
3700,3
3701,3
3702,3
3703,1
3704,1
3704,3
3704,2
3705,1
3706,1
3707,1
3707,2
3708,3
3709,1
3709,3
3709,2
3710,1
3711,1
3712,3
3713,2
3713,3
3713,1
3714,3
3715,2
3716,1
3716,2
3717,2
3718,3
3719,1
3720,2
3721,3
3722,1
3723,2
3724,3
3725,3
3726,1
3727,2
3728,1
3728,2
3729,3
3729,2
3729,1
3730,2
3730,1
3730,3
3731,1
3732,3
3732,2
3733,3
3734,3
3735,3
3736,3
3737,3
3738,3
3739,3
3740,3
3740,1
3741,3
3742,1
3742,3
3743,3
3744,2
3744,1
3745,1
3746,2
3747,3
3747,2
3748,1
3749,2
3750,3
3751,1
3751,3
3752,3
3752,1
3752,2
3753,2
3754,3
3754,2
3755,1
3755,3
3755,2
3756,2
3757,2
3758,1
3758,3
3759,3
3760,1
3760,2
3761,1
3762,1
3763,3
3763,1
3764,3
3764,2
3765,3
3766,3
3767,2
3768,1
3769,1
3770,1
3771,3
3772,2
3772,3
3773,3
3773,1
3774,1
3774,2
3775,1
3775,2
3775,3
3776,1
3777,3
3778,3
3779,3
3780,3
3780,2
3781,3
3782,3
3782,2
3783,1
3784,1
3784,3
3785,3
3786,2
3787,3
3788,1
3789,3
3790,3
3791,2
3792,1
3793,1
3794,3
3795,3
3795,2
3795,1
3796,1
3797,3
3798,1
3799,1
3800,2
3801,2
3802,3
3803,1
3804,3
3804,2
3805,1
3806,3
3807,1
3807,2
3807,3
3808,3
3809,3
3810,3
3811,3
3812,1
3813,1
3814,3
3815,3
3816,3
3817,2
3817,3
3817,1
3818,1
3819,2
3820,1
3821,1
3821,3
3822,2
3822,1
3823,1
3824,2
3825,3
3826,3
3826,1
3827,2
3828,2
3829,3
3830,3
3831,2
3832,3
3833,3
3834,1
3835,3
3836,3
3837,2
3838,2
3838,3
3838,1
3839,1
3840,2
3841,3
3842,1
3843,2
3844,2
3845,1
3846,3
3847,1
3848,1
3849,3
3849,2
3849,1
3850,3
3851,2
3851,1
3851,3
3852,2
3853,2
3853,1
3854,3
3855,3
3856,2
3856,3
3857,1
3858,3
3859,2
3860,3
3861,3
3862,1
3863,1
3864,1
3864,2
3865,1
3866,3
3867,2
3867,1
3868,3
3869,1
3869,2
3870,2
3871,2
3872,1
3873,3
3874,1
3875,3
3875,1
3876,2
3876,1
3876,3
3877,3
3877,1
3878,3
3879,2
3879,3
3880,1
3881,2
3881,3
3882,3
3883,3
3884,2
3885,1
3886,1
3887,3
3888,2
3889,3
3889,1
3890,1
3891,3
3892,1
3893,2
3893,1
3894,2
3895,3
3895,1
3896,2
3896,1
3897,3
3898,2
3899,3
3900,2
3900,3
3900,1
3901,1
3901,2
3901,3
3902,2
3903,1
3904,1
3905,1
3906,2
3906,3
3906,1
3907,2
3908,3
3909,3
3910,1
3911,1
3912,1
3913,1
3913,2
3914,3
3914,1
3915,3
3916,1
3916,3
3917,2
3918,3
3918,2
3919,3
3920,1
3921,1
3922,1
3923,1
3923,3
3924,1
3925,3
3926,2
3927,3
3928,1
3929,2
3930,3
3931,3
3932,2
3933,3
3934,2
3934,3
3935,3
3936,2
3936,1
3937,1
3938,1
3938,2
3939,3
3940,3
3941,3
3942,1
3943,3
3944,3
3944,1
3945,2
3945,1
3945,3
3946,1
3947,3
3948,3
3948,2
3949,2
3949,1
3950,3
3951,1
3951,2
3951,3
3952,3
3953,3
3953,2
3954,3
3955,3
3956,2
3957,3
3957,1
3958,3
3959,3
3959,2
3960,2
3961,2
3962,3
3963,3
3964,3
3964,1
3965,2
3965,1
3965,3
3966,3
3967,3
3967,2
3968,1
3968,2
3969,1
3970,1
3970,2
3971,3
3971,1
3972,2
3973,1
3974,2
3974,1
3974,3
3975,1
3976,2
3976,1
3976,3
3977,1
3978,3
3979,2
3979,3
3979,1
3980,3
3981,2
3982,3
3983,3
3984,3
3985,3
3986,1
3987,1
3988,2
3989,2
3990,2
3990,3
3991,3
3992,2
3993,3
3993,2
3994,3
3995,3
3995,1
3996,3
3996,2
3997,3
3997,1
3997,2
3998,1
3999,3
3999,1
4000,2
4001,3
4002,3
4003,3
4004,1
4005,3
4006,3
4007,3
4007,2
4007,1
4008,3
4009,3
4010,3
4011,3
4011,1
4012,2
4012,3
4013,3
4013,2
4014,1
4014,2
4015,1
4015,3
4016,1
4017,3
4018,3
4019,3
4020,3
4020,1
4020,2
4021,3
4022,1
4022,3
4023,3
4023,1
4024,3
4025,1
4025,3
4026,1
4027,3
4028,3
4028,2
4028,1
4029,2
4029,3
4030,1
4030,2
4031,3
4031,2
4032,3
4033,3
4034,2
4035,3
4036,1
4037,3
4038,1
4038,2
4038,3
4039,3
4040,1
4040,3
4040,2
4041,1
4042,1
4043,3
4044,3
4045,3
4046,2
4046,1
4047,3
4047,2
4047,1
4048,1
4049,2
4050,3
4051,3
4052,3
4053,3
4053,2
4054,3
4054,1
4055,3
4056,3
4056,1
4056,2
4057,1
4058,2
4059,2
4060,3
4061,1
4062,1
4062,3
4063,2
4064,1
4065,2
4065,3
4065,1
4066,2
4066,1
4067,3
4068,3
4068,1
4069,3
4069,2
4070,1
4070,3
4070,2
4071,2
4072,3
4073,2
4074,1
4074,3
4075,1
4076,2
4076,1
4077,3
4078,3
4079,3
4080,1
4080,2
4081,3
4081,2
4081,1
4082,1
4082,3
4083,3
4084,1
4084,2
4084,3
4085,2
4086,1
4087,2
4088,3
4089,3
4090,3
4091,3
4092,3
4093,3
4094,3
4095,2
4096,1
4097,1
4097,2
4097,3
4098,3
4099,1
4100,1
4101,2
4102,2
4103,1
4103,2
4104,2
4105,2
4106,2
4107,2
4108,3
4109,3
4110,3
4111,3
4112,2
4112,1
4113,2
4114,2
4115,2
4116,2
4117,2
4117,1
4117,3
4118,3
4119,1
4120,3
4120,1
4121,3
4122,2
4122,3
4123,2
4124,1
4124,3
4125,3
4126,1
4126,3
4127,1
4128,3
4129,3
4130,1
4130,3
4131,3
4132,3
4133,3
4134,2
4135,2
4135,3
4136,1
4136,3
4136,2
4137,1
4138,2
4139,2
4139,3
4139,1
4140,2
4141,2
4142,1
4143,1
4144,1
4144,3
4145,1
4146,3
4147,3
4148,1
4148,3
4149,3
4150,1
4151,3
4152,3
4152,1
4152,2
4153,3
4154,2
4155,3
4156,2
4156,3
4157,3
4158,1
4158,2
4159,1
4159,3
4160,3
4161,3
4161,1
4162,3
4163,3
4164,3
4165,1
4165,3
4166,2
4167,2
4168,1
4169,3
4169,2
4169,1
4170,3
4170,1
4171,3
4171,2
4171,1
4172,1
4173,3
4174,2
4174,3
4175,1
4176,3
4177,1
4177,3
4178,2
4178,3
4179,2
4180,3
4181,3
4182,1
4182,3
4183,1
4184,2
4184,1
4185,3
4186,3
4186,1
4187,1
4188,1
4189,2
4190,3
4190,2
4191,2
4192,3
4193,3
4194,2
4195,2
4196,2
4197,3
4198,3
4199,1
4200,3
4200,2
4201,1
4202,1
4202,2
4202,3
4203,1
4204,3
4205,3
4206,2
4207,3
4208,3
4209,2
4210,1
4210,2
4211,2
4212,2
4213,2
4214,1
4215,2
4216,1
4217,3
4218,1
4218,2
4219,3
4220,1
4221,3
4222,1
4222,3
4223,3
4224,2
4225,3
4225,1
4226,3
4227,3
4227,1
4228,3
4229,2
4230,1
4230,2
4231,2
4231,1
4232,1
4232,3
4233,3
4233,2
4234,2
4234,3
4234,1
4235,3
4235,2
4236,3
4237,3
4238,1
4238,2
4239,1
4239,3
4240,2
4240,1
4240,3
4241,1
4241,3
4242,3
4243,3
4244,3
4244,1
4245,3
4246,3
4246,1
4246,2
4247,1
4247,2
4248,3
4249,3
4250,2
4250,1
4250,3
4251,3
4251,2
4252,1
4253,3
4253,1
4254,1
4255,2
4256,3
4257,2
4258,1
4259,2
4259,3
4259,1
4260,3
4261,3
4262,3
4263,2
4264,3
4265,3
4266,2
4266,3
4267,3
4268,3
4268,2
4269,3
4270,3
4271,3
4272,1
4273,1
4273,2
4274,3
4275,3
4275,1
4276,2
4276,3
4277,2
4278,3
4278,1
4279,2
4280,2
4281,1
4281,2
4282,3
4283,3
4283,2
4283,1
4284,2
4285,3
4286,2
4287,3
4288,2
4289,2
4289,3
4290,2
4291,3
4292,1
4293,2
4293,1
4294,3
4295,3
4296,2
4297,3
4297,1
4298,3
4299,1
4300,3
4301,3
4302,1
4302,3
4302,2
4303,1
4304,3
4305,3
4306,3
4306,1
4306,2
4307,3
4307,1
4308,2
4309,3
4310,3
4311,3
4311,1
4312,2
4313,1
4314,2
4315,2
4316,2
4316,1
4317,1
4317,3
4317,2
4318,1
4318,3
4319,1
4319,2
4319,3
4320,2
4320,3
4321,2
4322,1
4323,3
4324,3
4325,2
4325,1
4326,1
4327,2
4327,3
4328,3
4329,3
4330,2
4331,3
4332,3
4333,2
4333,1
4334,3
4334,2
4335,3
4335,1
4336,1
4337,2
4338,1
4338,2
4338,3
4339,2
4340,2
4341,1
4341,3
4342,1
4343,3
4343,2
4343,1
4344,1
4345,3
4346,1
4347,2
4347,3
4347,1
4348,2
4349,3
4349,1
4350,2
4350,3
4351,2
4351,3
4352,3
4353,3
4354,3
4354,2
4355,1
4355,2
4356,1
4357,2
4357,3
4357,1
4358,3
4358,2
4359,1
4360,1
4361,2
4362,2
4363,3
4364,2
4364,3
4365,1
4365,2
4366,3
4367,3
4367,1
4367,2
4368,2
4369,1
4370,3
4371,3
4372,3
4372,1
4373,3
4374,3
4375,3
4376,3
4376,1
4377,3
4378,3
4379,2
4380,1
4381,1
4381,2
4382,1
4383,3
4384,3
4385,1
4385,2
4386,1
4387,3
4388,2
4389,2
4389,3
4390,1
4391,1
4391,3
4391,2
4392,2
4392,1
4393,3
4394,1
4395,2
4396,3
4396,1
4396,2
4397,2
4397,1
4398,1
4398,2
4399,2
4400,3
4401,3
4402,2
4402,3
4403,3
4404,3
4404,1
4405,3
4406,3
4407,3
4408,3
4409,3
4410,3
4410,2
4411,3
4412,1
4413,3
4414,3
4415,3
4416,2
4417,3
4417,1
4418,2
4419,3
4419,2
4420,2
4420,3
4420,1
4421,1
4422,2
4423,1
4424,2
4425,2
4426,2
4426,3
4426,1
4427,2
4427,1
4428,3
4429,1
4430,2
4430,3
4431,3
4432,2
4432,3
4433,3
4433,1
4433,2
4434,1
4435,1
4435,3
4436,2
4437,2
4437,1
4438,1
4439,3
4439,1
4439,2
4440,1
4441,1
4442,2
4443,1
4444,2
4444,1
4445,3
4446,1
4446,2
4446,3
4447,3
4447,2
4448,3
4449,3
4450,3
4451,3
4452,3
4453,3
4453,2
4454,3
4454,2
4454,1
4455,3
4456,3
4457,1
4458,3
4459,3
4459,2
4460,1
4460,2
4461,3
4462,1
4463,3
4464,3
4464,2
4465,2
4466,3
4467,2
4468,1
4468,2
4468,3
4469,3
4470,1
4471,1
4471,3
4471,2
4472,1
4473,2
4473,3
4474,2
4475,3
4476,3
4477,2
4478,1
4479,3
4479,1
4479,2
4480,3
4480,2
4481,3
4481,1
4482,2
4482,3
4483,3
4484,3
4485,2
4486,3
4487,3
4487,1
4488,1
4489,3
4490,1
4491,2
4492,3
4493,1
4494,1
4495,3
4496,2
4497,2
4497,3
4498,2
4498,3
4499,1
4499,2
4500,3
4501,2
4502,1
4503,2
4504,3
4504,2
4505,3
4505,1
4506,3
4506,2
4507,3
4507,1
4507,2
4508,3
4509,1
4510,3
4511,1
4511,2
4512,1
4513,2
4514,1
4514,3
4515,2
4516,2
4517,1
4518,2
4519,1
4519,2
4520,3
4521,1
4522,2
4523,2
4524,3
4524,1
4524,2
4525,1
4526,1
4527,3
4527,1
4528,2
4528,3
4528,1
4529,3
4530,3
4531,3
4532,1
4532,3
4533,1
4533,2
4533,3
4534,2
4534,3
4534,1
4535,2
4536,1
4537,3
4537,2
4538,2
4539,1
4540,3
4540,1
4541,2
4542,3
4543,1
4544,2
4545,1
4546,3
4547,2
4548,3
4549,2
4549,3
4550,3
4551,3
4552,3
4552,2
4552,1
4553,1
4553,2
4554,3
4555,2
4555,3
4556,1
4556,3
4557,2
4558,3
4558,2
4558,1
4559,1
4559,2
4560,3
4561,3
4562,3
4563,3
4564,3
4565,1
4565,3
4566,3
4567,3
4568,1
4569,3
4570,1
4571,2
4572,2
4573,2
4573,1
4574,3
4574,2
4574,1
4575,1
4575,3
4576,1
4576,3
4577,3
4578,3
4579,3
4580,3
4581,1
4581,3
4581,2
4582,3
4583,3
4583,1
4584,1
4585,1
4586,3
4586,1
4586,2
4587,3
4587,1
4588,3
4589,3
4590,1
4590,2
4590,3
4591,1
4592,2
4592,3
4592,1
4593,3
4594,1
4594,2
4595,3
4596,3
4597,2
4598,2
4599,3
4600,3
4601,1
4602,2
4602,1
4603,1
4604,3
4604,1
4605,2
4606,2
4607,1
4608,3
4608,2
4608,1
4609,1
4610,2
4611,2
4612,2
4612,1
4613,2
4613,1
4614,1
4615,1
4616,2
4616,3
4617,3
4617,1
4618,1
4619,3
4620,2
4620,1
4621,3
4622,3
4623,2
4624,2
4624,1
4625,3
4625,2
4626,3
4626,1
4626,2
4627,1
4628,1
4629,2
4630,3
4631,1
4632,2
4633,2
4634,3
4635,3
4636,3
4636,2
4637,3
4638,1
4638,3
4638,2
4639,1
4639,2
4639,3
4640,3
4641,3
4642,2
4643,2
4644,3
4645,1
4646,3
4646,1
4647,2
4648,3
4648,2
4649,2
4649,1
4649,3
4650,3
4650,2
4650,1
4651,3
4652,3
4653,3
4653,2
4654,3
4655,2
4656,1
4656,3
4657,1
4658,1
4658,2
4659,1
4660,1
4661,2
4662,2
4662,3
4663,3
4664,3
4665,1
4666,3
4667,2
4668,3
4669,3
4669,1
4669,2
4670,3
4671,3
4672,1
4672,2
4673,1
4674,3
4675,3
4676,1
4677,3
4678,2
4678,1
4679,2
4680,1
4681,1
4682,1
4682,3
4682,2
4683,2
4684,1
4685,1
4686,3
4687,3
4688,1
4689,2
4689,3
4689,1
4690,3
4690,1
4690,2
4691,3
4692,3
4693,3
4694,3
4695,3
4696,3
4697,3
4698,3
4698,1
4698,2
4699,2
4700,1
4700,3
4701,1
4702,3
4703,2
4703,3
4703,1
4704,2
4705,2
4705,1
4706,2
4706,1
4707,3
4707,1
4708,2
4709,3
4709,1
4709,2
4710,1
4711,1
4711,2
4711,3
4712,2
4712,1
4712,3
4713,3
4714,1
4715,2
4716,2
4717,1
4718,3
4719,1
4720,3
4721,2
4722,3
4723,1
4723,3
4724,1
4725,1
4725,3
4726,3
4727,3
4728,3
4728,1
4728,2
4729,1
4729,3
4729,2
4730,2
4730,3
4730,1
4731,3
4732,3
4733,3
4734,3
4735,3
4736,2
4736,3
4737,1
4738,3
4739,2
4740,1
4741,1
4741,3
4742,2
4743,3
4744,2
4745,3
4746,3
4746,1
4747,1
4748,3
4749,3
4750,3
4751,1
4751,2
4752,3
4753,2
4754,3
4755,3
4755,2
4756,2
4757,1
4758,3
4759,2
4760,2
4761,2
4762,1
4763,3
4764,1
4764,3
4765,1
4766,3
4766,2
4767,2
4768,3
4769,2
4770,1
4770,3
4771,1
4772,1
4773,1
4774,3
4775,1
4776,3
4777,3
4778,3
4778,1
4779,2
4780,1
4780,3
4781,1
4782,1
4782,3
4782,2
4783,3
4784,3
4785,1
4786,1
4787,3
4787,1
4788,3
4788,1
4788,2
4789,3
4790,2
4790,3
4790,1
4791,3
4792,3
4792,2
4792,1
4793,3
4794,3
4795,3
4796,1
4797,3
4798,2
4798,3
4799,3
4800,3
4801,3
4802,2
4802,3
4802,1
4803,1
4803,2
4804,3
4805,3
4806,3
4807,2
4807,3
4808,3
4809,2
4809,1
4810,3
4810,1
4811,2
4811,3
4812,2
4812,1
4813,1
4813,3
4814,3
4814,2
4815,3
4816,3
4817,2
4818,1
4819,3
4820,3
4821,3
4822,1
4823,2
4824,2
4824,3
4825,1
4826,3
4827,1
4828,3
4828,2
4829,3
4830,3
4831,1
4832,3
4833,2
4833,1
4833,3
4834,1
4835,3
4836,2
4836,3
4837,1
4838,2
4838,1
4839,1
4840,2
4840,1
4841,3
4842,3
4843,2
4843,1
4844,2
4844,3
4845,3
4845,1
4846,3
4847,3
4848,1
4848,2
4849,3
4850,2
4851,1
4852,2
4853,3
4854,2
4854,1
4854,3
4855,2
4856,3
4857,2
4857,1
4857,3
4858,1
4858,2
4858,3
4859,2
4860,2
4860,1
4861,3
4862,2
4862,1
4863,1
4864,3
4865,3
4866,3
4867,3
4868,1
4869,2
4870,3
4871,1
4872,3
4873,3
4873,1
4874,2
4875,3
4875,2
4875,1
4876,2
4877,3
4878,3
4878,2
4878,1
4879,1
4879,3
4880,3
4881,3
4882,3
4883,3
4884,3
4884,2
4885,2
4886,3
4887,3
4888,1
4889,1
4890,1
4890,3
4891,3
4892,2
4893,3
4894,3
4895,2
4896,1
4897,2
4898,2
4898,3
4899,2
4899,3
4900,3
4901,3
4902,3
4903,3
4904,3
4905,2
4906,3
4907,2
4908,1
4909,3
4910,1
4911,3
4911,2
4911,1
4912,3
4913,3
4914,1
4915,3
4916,3
4916,1
4917,1
4918,3
4919,3
4920,3
4921,1
4922,2
4922,1
4922,3
4923,3
4924,3
4925,3
4926,3
4927,3
4928,1
4929,3
4930,3
4931,1
4931,2
4931,3
4932,3
4933,2
4933,3
4934,1
4934,2
4935,3
4936,2
4936,1
4937,2
4938,3
4938,2
4939,3
4940,2
4940,3
4940,1
4941,1
4941,3
4942,1
4943,2
4944,1
4945,3
4945,1
4946,3
4946,1
4947,1
4947,3
4947,2
4948,3
4949,3
4950,2
4950,1
4951,3
4951,1
4951,2
4952,3
4953,3
4954,2
4955,3
4956,2
4957,2
4958,2
4959,2
4960,1
4961,1
4962,3
4963,3
4964,3
4965,2
4966,2
4967,1
4968,2
4968,1
4968,3
4969,3
4969,2
4969,1
4970,2
4970,3
4971,1
4972,2
4972,1
4973,2
4973,1
4974,3
4975,3
4975,1
4975,2
4976,1
4976,3
4977,3
4978,3
4978,2
4978,1
4979,1
4979,3
4980,1
4981,1
4981,3
4982,3
4982,2
4983,2
4983,3
4984,2
4985,3
4986,3
4987,1
4988,3
4989,1
4990,3
4991,1
4992,1
4993,3
4994,1
4995,2
4995,1
4996,3
4997,3
4998,3
4999,2
5000,3
5001,3
5001,1
5002,2
5003,1
5003,3
5004,3
5005,2
5006,3
5007,3
5008,2
5009,1
5009,3
5009,2
5010,3
5011,2
5012,1
5012,2
5013,1
5013,3
5014,2
5014,1
5014,3
5015,3
5016,3
5017,1
5018,1
5019,3
5019,2
5019,1
5020,2
5021,2
5021,1
5022,3
5023,2
5024,3
5025,2
5026,1
5026,3
5027,3
5028,2
5029,3
5030,1
5030,2
5031,3
5032,3
5033,3
5033,2
5033,1
5034,3
5035,2
5036,3
5036,2
5037,1
5038,1
5038,3
5038,2
5039,3
5040,3
5041,1
5042,2
5043,1
5044,3
5045,3
5046,1
5047,2
5047,3
5048,3
5049,2
5050,1
5051,2
5052,3
5052,2
5052,1
5053,3
5053,2
5053,1
5054,3
5055,1
5056,3
5057,2
5058,1
5059,1
5059,3
5060,2
5060,3
5061,1
5062,2
5063,3
5064,2
5065,2
5065,1
5066,1
5067,2
5068,2
5068,1
5069,2
5070,2
5071,3
5072,1
5073,2
5074,3
5075,3
5076,3
5076,2
5077,2
5078,2
5078,1
5078,3
5079,2
5080,2
5081,1
5082,1
5082,2
5083,3
5084,1
5085,2
5086,3
5087,3
5088,2
5088,1
5089,1
5089,2
5090,1
5091,1
5091,3
5092,2
5092,3
5092,1
5093,1
5094,1
5095,2
5096,3
5097,1
5098,3
5098,2
5099,3
5100,3
5101,3
5102,3
5103,2
5103,3
5103,1
5104,3
5105,3
5106,3
5107,1
5107,3
5107,2
5108,1
5109,1
5109,2
5110,1
5110,2
5111,3
5111,1
5112,3
5113,3
5113,2
5114,3
5115,3
5116,3
5116,2
5117,3
5118,3
5118,1
5119,2
5119,1
5119,3
5120,1
5120,2
5120,3
5121,3
5122,2
5123,3
5124,1
5125,2
5126,3
5127,2
5128,1
5129,3
5129,2
5129,1
5130,2
5131,1
5132,3
5132,2
5133,3
5133,2
5133,1
5134,2
5134,1
5134,3
5135,3
5136,1
5137,3
5138,2
5138,3
5139,3
5140,2
5141,3
5142,1
5143,1
5143,3
5144,2
5144,1
5144,3
5145,2
5146,3
5147,1
5147,3
5147,2
5148,1
5148,3
5149,1
5150,3
5150,1
5151,1
5151,3
5152,2
5152,1
5152,3
5153,2
5154,3
5155,3
5155,1
5156,3
5156,1
5156,2
5157,3
5158,2
5159,3
5160,3
5161,3
5162,3
5163,2
5164,2
5165,3
5166,3
5167,2
5167,1
5168,1
5169,2
5170,3
5171,2
5172,3
5172,2
5173,3
5173,2
5174,1
5175,1
5175,2
5176,1
5177,1
5178,3
5179,3
5180,2
5181,1
5182,1
5183,2
5184,2
5184,3
5185,3
5186,2
5187,2
5188,2
5189,3
5189,2
5190,1
5190,3
5191,1
5192,3
5193,3
5194,2
5194,3
5194,1
5195,2
5196,1
5197,1
5198,1
5199,1
5199,3
5200,2
5200,3
5201,3
5202,1
5203,2
5204,3
5205,3
5205,2
5206,1
5207,3
5208,2
5208,3
5209,3
5210,3
5211,1
5212,2
5213,2
5214,2
5214,3
5214,1
5215,3
5216,3
5217,2
5218,3
5219,3
5219,2
5219,1
5220,3
5221,2
5222,3
5223,3
5224,3
5225,1
5225,2
5225,3
5226,3
5226,1
5227,1
5228,3
5229,1
5230,2
5231,3
5232,3
5233,3
5234,2
5235,1
5235,2
5235,3
5236,1
5237,2
5237,1
5238,3
5239,2
5240,2
5241,1
5242,3
5242,2
5243,1
5243,2
5244,3
5245,2
5246,1
5247,3
5248,3
5249,3
5250,2
5251,1
5251,2
5252,3
5252,2
5253,1
5253,3
5254,3
5255,1
5256,2
5257,3
5258,3
5258,2
5259,3
5260,2
5261,1
5262,2
5263,3
5264,1
5265,2
5265,1
5265,3
5266,1
5267,2
5268,3
5268,2
5268,1
5269,1
5270,3
5270,2
5270,1
5271,3
5272,2
5272,1
5273,3
5273,1
5274,2
5274,3
5275,2
5275,1
5276,2
5276,1
5277,1
5278,1
5279,3
5280,1
5280,2
5280,3
5281,3
5282,1
5283,3
5283,2
5284,1
5285,1
5286,3
5286,2
5287,1
5288,1
5289,3
5290,3
5290,2
5291,3
5292,2
5293,3
5294,3
5295,3
5296,3
5297,3
5298,2
5299,3
5300,2
5301,2
5301,1
5301,3
5302,1
5302,3
5303,3
5304,1
5305,1
5305,2
5306,2
5306,1
5307,1
5307,2
5307,3
5308,1
5308,2
5308,3
5309,3
5310,1
5311,1
5312,1
5313,1
5314,2
5315,2
5315,3
5316,2
5316,3
5316,1
5317,1
5318,3
5319,1
5320,1
5321,1
5322,1
5323,3
5324,3
5325,3
5326,1
5326,3
5327,2
5328,3
5329,1
5330,1
5331,1
5332,1
5332,2
5333,2
5334,3
5335,2
5336,2
5336,1
5336,3
5337,2
5338,2
5338,1
5339,2
5340,3
5341,3
5342,3
5343,3
5344,1
5345,3
5346,1
5347,1
5348,2
5349,1
5349,2
5349,3
5350,3
5350,1
5351,1
5351,2
5352,2
5353,1
5353,3
5354,3
5355,1
5356,3
5357,3
5357,2
5357,1
5358,3
5359,3
5360,2
5360,3
5361,1
5362,2
5362,3
5363,1
5364,3
5365,3
5366,1
5367,3
5368,3
5369,2
5370,1
5371,3
5372,2
5372,1
5373,3
5374,3
5375,3
5376,3
5377,3
5378,3
5379,1
5380,3
5381,1
5382,2
5382,3
5382,1
5383,1
5384,2
5385,3
5386,1
5387,3
5387,1
5387,2
5388,2
5389,3
5390,3
5391,3
5392,3
5393,3
5394,2
5395,3
5396,2
5397,3
5398,2
5399,1
5400,3
5401,2
5402,2
5403,2
5403,3
5403,1
5404,1
5405,3
5406,2
5407,2
5408,3
5409,1
5410,3
5411,2
5411,1
5412,3
5412,2
5413,3
5414,3
5415,3
5416,3
5417,1
5418,1
5418,2
5419,2
5419,1
5419,3
5420,1
5420,2
5421,1
5422,3
5423,1
5423,2
5424,1
5425,1
5425,3
5425,2
5426,2
5427,3
5428,1
5428,3
5429,1
5429,2
5430,3
5431,3
5431,1
5431,2
5432,1
5433,3
5434,2
5435,2
5435,3
5436,1
5437,1
5437,3
5437,2
5438,1
5438,3
5439,2
5440,2
5441,3
5442,1
5443,3
5444,1
5444,3
5445,1
5446,2
5447,1
5448,2
5449,3
5450,1
5451,2
5451,3
5451,1
5452,3
5452,2
5453,3
5453,1
5454,2
5455,3
5456,3
5457,3
5457,2
5457,1
5458,1
5459,3
5460,3
5461,1
5462,3
5463,2
5463,3
5464,2
5464,3
5465,3
5465,1
5466,1
5467,3
5468,1
5468,2
5469,3
5470,3
5471,3
5472,3
5473,3
5474,3
5475,3
5476,3
5476,2
5477,1
5478,3
5479,3
5480,3
5481,2
5482,3
5483,1
5483,3
5484,2
5485,3
5486,2
5487,2
5488,3
5489,2
5490,3
5491,3
5492,1
5493,2
5494,3
5495,3
5496,1
5496,2
5497,2
5497,3
5498,3
5499,3
5500,1
5500,3
5500,2
5501,2
5501,1
5502,3
5503,3
5504,1
5505,2
5506,1
5506,2
5507,1
5507,3
5508,1
5508,3
5509,3
5510,2
5511,3
5512,3
5513,3
5514,2
5515,3
5516,3
5517,3
5518,1
5518,3
5519,1
5520,3
5520,2
5521,1
5522,3
5523,3
5524,3
5525,3
5525,2
5526,1
5526,2
5526,3
5527,3
5528,2
5528,1
5528,3
5529,3
5530,3
5531,3
5531,1
5532,3
5533,2
5534,3
5535,1
5535,3
5536,3
5537,2
5538,3
5539,3
5540,3
5541,3
5542,1
5543,2
5544,3
5545,3
5546,1
5546,3
5546,2
5547,3
5548,1
5548,2
5549,3
5549,1
5550,3
5551,2
5552,3
5553,2
5554,3
5555,3
5556,2
5557,3
5558,3
5559,3
5559,1
5560,3
5561,1
5562,2
5562,3
5563,1
5564,2
5565,3
5566,3
5567,2
5567,1
5567,3
5568,3
5569,3
5570,2
5570,3
5571,1
5571,2
5571,3
5572,3
5573,1
5574,1
5574,3
5574,2
5575,3
5576,1
5577,1
5578,2
5579,2
5580,2
5581,1
5581,3
5582,1
5583,1
5584,2
5584,3
5584,1
5585,2
5586,1
5587,1
5588,2
5589,1
5589,3
5589,2
5590,1
5591,3
5592,2
5593,3
5594,3
5595,3
5596,2
5597,1
5597,3
5598,2
5598,3
5599,3
5599,1
5600,3
5601,1
5601,3
5602,3
5603,3
5604,3
5605,1
5606,1
5607,3
5608,1
5609,1
5610,2
5611,1
5612,1
5613,1
5614,2
5614,3
5615,3
5616,3
5616,2
5617,3
5617,1
5617,2
5618,1
5619,2
5619,1
5620,1
5620,2
5621,3
5621,2
5621,1
5622,1
5623,3
5624,1
5625,3
5625,1
5626,3
5627,1
5628,2
5629,3
5629,1
5630,1
5631,2
5632,1
5633,1
5634,2
5635,1
5636,1
5637,3
5638,1
5639,3
5640,1
5641,1
5642,3
5642,1
5642,2
5643,3
5644,2
5644,1
5645,1
5646,1
5647,2
5648,2
5649,1
5650,3
5650,2
5651,1
5652,1
5653,3
5653,1
5654,2
5655,2
5656,3
5657,3
5657,2
5658,1
5659,1
5660,1
5661,1
5662,3
5663,2
5664,2
5665,3
5665,2
5665,1
5666,2
5666,3
5666,1
5667,1
5668,3
5669,3
5670,1
5670,2
5670,3
5671,3
5672,3
5672,1
5673,3
5674,1
5675,1
5676,3
5677,3
5678,3
5679,1
5680,2
5680,1
5681,2
5682,1
5683,1
5684,2
5684,3
5685,1
5685,3
5686,2
5687,1
5688,2
5689,2
5689,1
5689,3
5690,3
5691,2
5691,3
5692,3
5693,2
5694,1
5695,3
5696,3
5697,2
5698,3
5699,2
5700,1
5700,2
5701,2
5702,2
5703,2
5704,3
5705,1
5705,2
5705,3
5706,1
5707,1
5708,1
5708,3
5709,3
5710,2
5711,3
5711,1
5712,3
5713,1
5714,2
5714,3
5715,2
5716,1
5717,3
5718,3
5719,1
5719,3
5720,3
5721,1
5721,3
5722,1
5723,3
5723,1
5724,2
5725,1
5725,3
5726,1
5727,3
5728,3
5729,1
5730,2
5730,3
5731,1
5732,1
5732,2
5732,3
5733,3
5734,2
5735,1
5736,1
5737,3
5738,3
5739,1
5740,3
5741,1
5741,3
5742,3
5743,1
5744,3
5745,3
5746,3
5747,1
5747,3
5748,2
5748,3
5748,1
5749,1
5749,3
5750,1
5751,1
5752,1
5753,2
5754,1
5755,2
5755,1
5756,1
5757,3
5758,3
5759,3
5760,1
5760,3
5761,3
5761,1
5762,3
5763,3
5763,2
5763,1
5764,2
5765,1
5766,3
5767,3
5768,1
5768,3
5769,2
5770,3
5770,2
5771,1
5771,2
5772,2
5772,1
5773,3
5774,1
5775,3
5776,2
5776,3
5777,3
5778,3
5779,1
5780,2
5780,3
5781,2
5782,1
5783,3
5783,2
5783,1
5784,2
5785,3
5786,3
5786,1
5787,2
5787,1
5788,1
5789,3
5790,3
5791,1
5792,3
5793,3
5793,1
5794,1
5794,3
5794,2
5795,3
5796,3
5797,3
5798,3
5799,2
5799,1
5800,2
5801,2
5801,1
5802,3
5803,2
5803,1
5803,3
5804,2
5805,3
5806,3
5807,3
5807,1
5808,3
5809,3
5810,1
5810,3
5811,2
5812,3
5813,1
5813,3
5814,3
5814,2
5815,3
5816,1
5817,3
5818,2
5819,2
5820,2
5821,1
5821,2
5822,3
5823,2
5824,2
5824,3
5825,2
5826,3
5827,3
5828,3
5828,1
5829,1
5830,1
5831,1
5832,2
5833,2
5833,3
5834,2
5835,3
5836,2
5837,2
5837,3
5838,3
5839,2
5840,2
5841,2
5842,2
5843,1
5843,2
5844,2
5845,3
5846,2
5846,3
5847,3
5848,3
5849,3
5849,2
5849,1
5850,3
5851,2
5851,1
5851,3
5852,3
5853,3
5854,2
5855,2
5855,3
5856,2
5856,3
5857,1
5858,2
5858,3
5858,1
5859,2
5860,2
5860,3
5860,1
5861,3
5862,3
5863,2
5864,3
5865,3
5866,1
5866,3
5866,2
5867,3
5868,2
5868,1
5868,3
5869,3
5870,1
5870,3
5871,2
5872,2
5873,3
5874,3
5875,3
5876,2
5877,2
5877,3
5878,3
5879,3
5880,2
5880,3
5881,3
5881,1
5882,3
5883,2
5883,3
5884,2
5884,1
5885,2
5886,3
5886,1
5886,2
5887,3
5887,2
5888,3
5889,3
5890,2
5891,2
5892,1
5893,1
5894,3
5895,3
5895,2
5895,1
5896,3
5897,3
5897,1
5897,2
5898,2
5899,3
5900,1
5901,2
5902,2
5902,3
5903,3
5904,3
5905,2
5905,3
5906,2
5907,1
5908,1
5909,1
5909,3
5909,2
5910,3
5911,2
5912,3
5912,2
5912,1
5913,3
5914,3
5915,2
5915,3
5916,1
5916,3
5916,2
5917,1
5918,1
5918,3
5919,3
5920,2
5920,3
5921,3
5921,2
5922,3
5923,3
5924,3
5925,3
5926,2
5926,3
5927,1
5927,3
5928,2
5928,1
5928,3
5929,3
5930,3
5931,3
5932,3
5933,1
5934,1
5935,2
5936,2
5937,2
5938,2
5939,1
5939,2
5940,1
5941,3
5942,2
5942,1
5943,1
5944,3
5944,1
5945,2
5946,3
5947,2
5948,2
5949,3
5949,2
5950,2
5951,3
5951,2
5952,1
5953,2
5954,2
5955,2
5956,1
5956,3
5957,1
5958,1
5958,3
5958,2
5959,1
5960,2
5960,1
5960,3
5961,3
5962,2
5963,3
5964,3
5965,3
5966,3
5967,1
5968,3
5969,2
5970,1
5970,2
5970,3
5971,3
5972,3
5973,3
5974,1
5975,2
5976,2
5977,3
5977,1
5977,2
5978,1
5979,2
5980,2
5980,1
5980,3
5981,2
5982,2
5983,1
5983,3
5983,2
5984,3
5984,1
5985,2
5986,1
5986,2
5986,3
5987,3
5988,2
5989,2
5990,3
5991,1
5992,3
5992,2
5993,2
5994,3
5995,1
5995,3
5996,2
5997,2
5997,1
5998,3
5999,3
5999,2
6000,1
6000,2
6001,3
6002,3
6002,2
6002,1
6003,1
6004,3
6005,3
6006,2
6006,3
6006,1
6007,1
6008,3
6008,2
6009,1
6010,1
6011,3
6011,1
6012,3
6012,2
6013,3
6014,2
6015,1
6016,3
6017,2
6017,1
6018,2
6018,1
6019,1
6020,1
6020,2
6020,3
6021,3
6022,3
6023,2
6024,1
6025,3
6025,1
6025,2
6026,3
6026,1
6027,2
6028,1
6029,3
6030,2
6031,3
6031,1
6032,1
6033,3
6034,3
6035,3
6036,3
6037,1
6038,2
6039,2
6040,2
6041,2
6042,1
6043,2
6044,2
6045,2
6046,2
6046,3
6047,2
6048,1
6049,1
6050,1
6051,2
6052,1
6053,1
6054,3
6055,3
6055,1
6056,2
6056,1
6056,3
6057,2
6058,2
6059,2
6060,2
6061,1
6061,2
6061,3
6062,1
6062,3
6062,2
6063,1
6064,1
6064,2
6065,2
6066,1
6066,2
6066,3
6067,2
6068,1
6068,3
6069,3
6070,3
6070,2
6071,1
6071,3
6072,1
6073,2
6074,1
6074,3
6075,3
6076,3
6077,1
6078,3
6078,2
6079,2
6080,1
6081,3
6081,2
6082,3
6083,2
6083,1
6084,3
6085,2
6086,1
6087,2
6087,1
6087,3
6088,2
6089,3
6089,1
6090,1
6091,1
6092,3
6093,1
6094,2
6095,2
6095,3
6096,3
6097,2
6098,1
6098,2
6099,2
6100,3
6101,2
6101,1
6102,2
6102,3
6102,1
6103,3
6104,2
6105,3
6106,2
6107,1
6107,3
6107,2
6108,2
